{
  "project_info": {
    "project_number": "152256789276",
    "project_id": "farmerconnect-c0c3e",
    "storage_bucket": "farmerconnect-c0c3e.firebasestorage.app"
  },
  "client": [
    {
      "client_info": {
        "mobilesdk_app_id": "1:152256789276:android:a9df003e55281faefad8d9",
        "android_client_info": {
          "package_name": "com.example.farmerconnect"
        }
      },
      "oauth_client": [],
      "api_key": [
        {
          "current_key": "AIzaSyDi0uXnLOCTTvMhIIqWqSn6U0A-Hg9aaVg"
        }
      ],
      "services": {
        "appinvite_service": {
          "other_platform_oauth_client": []
        }
      }
    }
  ],
  "configuration_version": "1"
}